,Questions,answer_A,answer_B,answer_C,answer_D,Correct_answer
0,"In what fictional city is the TV show Futurama set?
",New Chicago,New New York,New San Francisco,None of these,New New York
1,"What is the lowest ranking species in the Covenant hierarchy in the Halo series?
",Drone,Brute,Elite,Grunt,Grunt
2,"Who controls the Flood in the Halo series?
",Gravemind,The Prophet of Truth,The Arbiter,No one,Gravemind
3,"What is a SPARTAN in the Halo series?
",A Genetically modified super soldier,A higher ranking soldier than a ODST,Troopers that went through military training at the age of five,All of these,All of these
4,"What species is the Didact in the Halo series?
",Forerunner,Precursor,Promethean,Yamne,Forerunner
5,"In the Halo series, Zealots use Energy Swords.
",True,False,,,True
6,"Which of the following does the UNSC use to transport troops in the halo series?
",Falcons,Hornets,Phantoms,Pelicans,Pelicans
7,"What does UNSC stand for in the Halo series?
",None of the above,United Nations Space Council,United Nations Space Command,Unified Nations Supreme Court,United Nations Space Command
8,"What is the largest UNSC ship in the Halo series?
",UNSC In Amber Clad,UNSC Infinity,UNSC Spirit of Fire,UNSC Pillar of Autumn,UNSC Infinity
9,"What city does Halo 3 ODST take place in?
",Voi,New Mombasa,Toronto,New York,New Mombasa
10,"What is the largest species of the Covenant in the Halo series?
",Brute,Hunter,Jackal,Elite,Hunter
11,"Who made the fictional Mother Brain and for what purpose?
",The Galactic Federation built her as a next generation Aurora Unit.,It is unknown who made her but she was made to control Zebes.,The Space Pirates built her to be one of their generals.,The Chozo built her to be a organic Supercomputer.,The Chozo built her to be a organic Supercomputer.
12,"How did the Alimbics become extinct in the Metroid series?
",They discovered Phazon and developed Phazon Madness causing them to wipe each other out.,Gorea wiped them out.,The entire species used up their life energy to imprison Gorea.,The Metroids wiped them out.,The entire species used up their life energy to imprison Gorea.
13,"What creature passes on the X Parasite to Samus in the Metroid series?
",Metroid,Space Pirate,Kihunter,Hornoad,Hornoad
14,"Who is the Deleter in the Metroid series?
",Lyle Smithsonian,Adam Malkovich,K.G Misawa,James Pierce,James Pierce
15,"Kraid is the only one of his species encountered in the Metroid game.
",True,False,,,False
16,"What do Steamlords keep as pets in the Metroid series of games?
",Steambot,Warp Hound,Steamspider,Vaporwing,Vaporwing
17,"An ancient Chozo prophecy predicts the coming of Phazon and the Metroid Prime. In this prophecy the Metroid Prime is referred to as which of the following?
",Worm,Beast,Destroyer,Consumer,Worm
18,"King Worm can be fought after Mother Brainin Metroid Zero Mission.
",True,False,,,True
19,"What planet are Kihunters from in the Metroid games?
",Space Pirate Homeworld,Unknown,SR388,Zebes,Unknown
20,"What planet is Samus from  in the Metorid games?
",It is unknown,K-2L,Norion,Zebes,K-2L
21,"What is the name of the enemy faction in the first N.O.V.A?
",Xenos,Volterites,Judgers,The Dominion,Xenos
22,"The N.O.V.A 3 Shotgun is both semi and fully automatic.
",False,True,,,True
23,"On which planet does the first two missions in N.O.V.A 2 take place?
",Sagittarius,Earth,New Ceres,Aquarius,Aquarius
24,"Who helps Kal Wardin find the Judger artifact aboard Therrius in N.O.V.A?
",Prometheus,Yelena,MazRah,Rufus,MazRah
25,"In N.O.V.A, Kal Wardin is rewarded for finding out what happened aboard the Colonial Pride by almost being killed.
",False,True,,,True
26,"Who is the leader of the Volterites in N.O.V.A?
",MazRah,None of the above,Prometheus,The Overseer,The Overseer
27,"Which Xeno is capable of teleporting in N.O.V.A?
",Heavy Demon,Red Demon,Imp,Fiend,Heavy Demon
28,"In N.O.V.A, President Folson is unarmed.
",False,True,,,False
29,"Boreas is the only desert planet in the N.O.V.A series.
",False,True,,,False
30,"What is the name of the damsel you have to save in the classic arcade game Donkey Kong?
",Peach,Daisy,Pauline,Dixie Kong,Pauline
31,"Which of these was a name that game character, Mario, was once called?
",Koopa,Plumberio,Jumpman,Luigi,Jumpman
32,"Who or what turned Warios treasure into monsters in the game, Wario World?
",Kemmy Koopa,Lemmy Koopa,The black jewel,Bowser,The black jewel
33,"In the Mario games, what animal is a paratroopa?
",A bird,A lizard,A turtle,A tiger,A turtle
34,"When first created, Mario game character, Birdo, was what?
",A dog,A boy,A girl,A bird,A boy
35,"In the video games of Mario, is Luigi Marios cousin?
",No,Yes,,,No
36,"In the Mario video games, Bowser is the king of what?
",Bowsers,The Jungle,Mushroom Kingdom,Koopas,Koopas
37,"Who is the last boss in video game Paper Mario 2?
",Gloom Tail,Bowser,Shadow Queen,Cackletta,Shadow Queen
38,"Which movie is this Warcraft 3 quote from?
",Cool Hand Luke,For a Fistful of Dollars,Dirty Sanchez,Cool Hand Luke,ndit: -What we have here is a failure to communicate.
39,"Where does the popular video game character Mario live?
",The Koopa Kingdom,The Kingdom of Sarasaland,The Mushroom Kingdom,Yoshi Island,The Mushroom Kingdom
40,"What is Marios nationality according to Nintendo video games?
",Italian,American,Mexican,British,Italian
41,"Has the video game character Mario ever been in a TV show?
",No,Yes,,,Yes
42,"What was the first video game in which Mario appeared?
",Mario,The Mario Bros.,Super Mario,Donkey Kong,Donkey Kong
43,"Why does Mario wear a red cap in the Mario series of games?
",The creators didnt have the technology to animate his hair.,He is bald.,He cant make his hair neat.,He likes his cap.,The creators didnt have the technology to animate his hair.
44,"Has Nintendo character Mario ever been a bad guy?
",No,Yes,,,Yes
45,"What does the Fire Flower do to Mario in the Mario video games?
",Allows him to breath fire.,Nothing,It makes him angry.,Allows him to throw fire balls.,Allows him to throw fire balls.
46,"What effect does the Super Mushroom have on Mario in the popular series of video games?
",It makes him bigger.,None,It makes him impervious to danger.,It makes him smaller.,It makes him bigger.
47,"In the Mario series of video games, Mario never uses any weapons.
",False,True,,,False
48,"What is Marios occupation in the Mario series of games?
",engineer,doctor,plumber,electrician,plumber
49,"What is the name of the land where most of the Legend of Zelda games take place?
",Hylia,Hyrule,Sacred Realm,Termania,Hyrule
50,"Which monster made its first appearance in the game The Legend of Zelda: Majoras Mask?
",Chu-Chu,Armos,Keese,Octorok,Chu-Chu
51,"Which one of the Legend of Zelda games does not feature the same Link as the others?
",Ocarina of Time,Links Awakening,Wind Waker,Majoras Mask,Wind Waker
52,"Which of the following is not an item that Link uses in the Legend of Zelda series of games?
",A magical leaf used for flying,A spear used for immobilizing enemies,A jar that can suck stuff into it and shoot out gusts of wind,A candle for shooting fire at enemies,A spear used for immobilizing enemies
53,"In the Legend of Zelda series of games Link has not worn a tunic in what colour?
",yellow,blue,red,green,yellow
54,"Which games were included in the 2003 Legend of Zelda Collectors edition that became available on the Nintendo GameCube?
","The Legenda of Zelda, The Adventure of Link, A Link to the Past, Ocarina of TIme","Orcale of Seasons, Orcale of Ages, Links Awakening, and Minish Cap","The Legend of Zelda, The Adventure of Link, Ocarina of Time, Majoras Mask","A Link to the Past, Majoras Mask, Ocarina of Time, Wind Waker","The Legend of Zelda, The Adventure of Link, Ocarina of Time, Majoras Mask"
55,"Which Final Fantasy 3 character is known for blitzes such as Bum Rush, Pummel, and Suplex?
",Edgar,Setzer,Locke,Sabin,Sabin
56,"What character from the Final Fantasy series used a weapon called the Buster Sword?
",Sephiroth,Squall Leonhart,Cloud Strife,Seifer Almasy,Cloud Strife
57,"What was the name of the summoned creatures that aided the characters in the Final Fantasy 8 game?
",Materia,Summonings,Espers,Guardian Forces,Guardian Forces
58,"Which character was the main villain in the American Final Fantasy 3 game?
",Sin,Kefka,Garland,Sephiroth,Kefka
59,"Which Final Fantasy game was released in North America on 7 September 1999?
",Final Fantasy 10,Final Fantasy 9,Final Fantasy 8,Final Fantasy 7,Final Fantasy 8
60,"Which one of these Final Fantasy characters didnt own an airship?
",Setzer Gabbiani,Daryl,Rinoa Heartilly,Cid Highwind,Rinoa Heartilly
61,"What year was the first Final Fantasy game released in Japan?
",1989,1988,1990,1987,1987
62,"This character, who has appeared in nearly every Final Fantasy game, usually provides transportation to the main characters.
",Edgar,Cid,Sabin,Squall,Cid
63,"In this Final Fantasy spin-off every new recruit starts out as a Squire or a Chemist.
",Final Fantasy Mystic Quest,Final Fantasy Tactics Advance,Kingdom Hearts,Final Fantasy Tactics,Final Fantasy Tactics
64,"Final Fantasy X featured which mini-game?
",Snowboarding,Blitzball,Triple Triad,Tetra Master,Blitzball
65,"Which video game is the following quote from?
",Escape from Monkey Island,Escape from Monkey Island,Simon the Sorcerer 3D,Grim Fandango,e got muscles in places youve never even heard of.
66,"Which video game are the following quotes from?
"," Come on, comrades! Up to the rooftop! Go!", Get that flag up! Berlin is ours!,Call of Duty,Medal of Honor,
67,"Come on, comrades! Up to the rooftop! Go!
",Call of Duty,Medal of Honor,Call of Duty,Hidden and Dangerous 2, Get that flag up! Berlin is ours!
68,"What is the cheat for getting 50 000 simoleans in the computer game The Sims 2?
",kaching,all of these,motherlode,simoleons_$$$,motherlode
69,"What are the expansion packs available for The Sims 2 game?
","Odd Jobs, Pets",All of these,"University, Night Life, Family Fun, Open for Business","Makin Magic, Holiday, Party","University, Night Life, Family Fun, Open for Business"
70,"In the computer game The Sims 2, in order for a Sim to have a baby, you must select the woohoo option on a different Sim.
",False,True,,,False
71,"On the cover of the Sims 2 University expansion pack there is a picture of two Sims, one male and one female. What is the male Sim wearing?
",hippie outfit,toga,mascot costume,football equipment,toga
72,"Bella Goth is absent from the family when The Sims 2 begins.
",False,True,,,True
73,"In Open for Business, the third expansion pack for The Sims 2, Sims may earn 25 business perks.
",False,True,,,True
74,"Was the computer game The Sims 2 made solely by EA games?
",No,Yes,,,No
75,"The Sims 2 game is rated E (Everyone).
",False,True,,,False
76,"What is the name of the robot in The Sims 2, that fetches take-away food?
",HungryBot,MunchieBot,Bot,FoodBot,MunchieBot
77,"In Nightlife, the second expansion pack for The Sims 2, Sims can have their own cars.
",False,True,,,True
78,"Which is not an actual die?
",d10,d100,d4,d18,d18
79,"This class has the ability to smite evil.
",Rogue,Paladin,Ranger,Sorcerer,Paladin
80,"This race doesnt sleep, they meditate instead.
",Dwarf,Elf,Human,Changeling,Elf
81,"Which of these is not a feat?
",Quick Draw,Knowledge Arcana,Forge Ring,Toughness,Knowledge Arcana
82,"You roll a d20 for attack rolls (to see if you hit your opponent).
",True,False,,,True
83,"Which item costs the most according to the Players Handbook?
",Whetstone,Two-Bladed Sword,Full Plate Mail,Heavy Repeating Crossbow,Full Plate Mail
84,"How far can a medium sized, unencumbered creature walk in one round?
",20 feet,50 feet,30 feet,10 feet,30 feet
85,"Which class casts arcane magic innately?
",Ranger,Cleric,Wizard,Sorcerer,Sorcerer
86,"This 9th level wizard spell is sought after by many characters as a reward.  Many wizards also strive to learn this spell.
",Power Word Kill,Wish,Imprisonment,Gate,Wish
87,"This class must choose 2 weapon fighting or archery as their weapon style at 2nd level.
",Bard,Cleric,Ranger,Fighter,Ranger
88,"Where is the first warp whistle located in the game Super Mario 3?
",world 1-3,world 1 fortress,world 2-5,world 1-4,world 1-3
89,"In Mario Kart: Double Dash, what is the last thing you unlock by getting gold in the all cup tour in mirror mode?
",Parade car,Bullet car,Super Mario car,Ganondorf car,Parade car
90,"Which of the following characters can bounce off walls in the game Super Smash Brothers Melee?
",Luigi,Ness,Yoshi,Young Link,Young Link
91,"In the game Luigis Mansion, which of these in not one of Marios lost items?
",Marios shoe,Marios hat,Marios belt,Marios star,Marios belt
92,"Who is the boss at the end of world 5 in the game Super Mario 2?
",Birdo,Tryclide,Bowser,Clawgrip,Clawgrip
93,"In the game Super Mario 1, which level in world 7 is a water level?
",7-1,7-2,7-4,7-3,7-2
94,"In Super Mario World, you start the game on which island?
",Toads Island,Yoshis Island,Peachs Island,Bowsers Island,Yoshis Island
95,"Which of these is not a playable character in the video game Mario Party 4?
",Peach,Donkey Kong,Mario,Toad,Toad
96,"In the game Super Mario Sunshine, where is Bowser when you fight him at the end?
",in his castle,in a volcano,in a hot tub,in the windmill with Petey Piranha,in a hot tub
97,"What does Mario use for his power shot in the game Mario Power Tennis?
",a fiery racket,a hammer,a star,a fire fist,a hammer
98,"What is the God Pokemon called in Pokemon Pearl and Diamond?
",Giratina,Dialga,Cresselia,Arceus,Arceus
99,"The Pokemon creature Snorunt can evolve in which of the following?
",Glalie  Snolie,Glalie  Froslass,Glalie  Galrunt,Glalie  Probopass,Glalie  Froslass
100,"In what Pokemon version can Palkia be obtained?
",Pearl,Blue,Diamond,Red,Pearl
101,"What was the first ever ghost Pokemon to appear in a Pokemon episiode?
",Misdreavus,Gengar,Ghastly,Haunter,Gengar
102,"What Pokemon abducted Professor Spencer Haled in the movie Pokemon 3?
",Aipom,Gengar,Unknown,Entei,Unknown
103,"How many heroes are alive at the end of Startcraft: Brood War?
","6 - Artanis, Arcturus Mengsk, Jim Raynor, Zeratul, Samir Duran, Sarah Kerrigan","7 - Aratnis, Arcturus Mengsk, Aldaris, Samir Duran, Sarah Kerrigan, Fenix, Zeratul","5 - Fenix, Arcturus Mengsk, Edmund Duke, Samir Duran, Sarah Kerrigan","7 - Aratnis, Arcturus Mengsk, Aldaris, Samir Duran, Sarah Kerrigan, Fenix, Jim Raynor","6 - Artanis, Arcturus Mengsk, Jim Raynor, Zeratul, Samir Duran, Sarah Kerrigan"
104,"Edmund Duke leads which group of elite fighters?
",Alpha Squadron,Beta Squadron,Delta Squadron,Omega Squadron,Alpha Squadron
105,"What type of unit is Zeratul?
",Dark Archon,High Templar,Dark Templar,Zealot,Dark Templar
106,"What are characteristics of the Archon unit?
",10 hit points and 250 plasma shield,20 hit points and 250 plasma shield,10 hit points and 350 plasma shield,20 hit points and 300 plasma shield,10 hit points and 350 plasma shield
107,"What unit says that in the game?
",Zealot,Scout,Dark Templar,Zealot,Dark Templar
108,"What is Alexei Stukovs rank?
",General,Admiral,Vice Admiral,Corporal,Vice Admiral
109,"During which mission do Edmund Duke and Fenix die?
",True colors,Omega station,Day of lightning,Hammer falls,True colors
110,"Who leads the UED (United Earth Directorate forces)?
",Samir Duran,Gerard DuGalle,Jim Raynor,Alexei Stukov,Gerard DuGalle
111,"Who is Kerrigan talking to?
",Zeratul,Edmund Duke,Fenix,Artanis,Fenix
112,"What is the name of the Italian plumber, thats also the mascot of Nintendo?
",Luigi,Donkey Kong,Sonic,Mario,Mario
113,"What does KOTOR stand for?
",Kings Of The Old Realm,Know One Tells Our Ruses,Kin Of Time Or Rain,Knights of the Old Republic,Knights of the Old Republic
114,"In the video game Rock Band you can play multiple instruments in the band.
",False,True,,,True
115,"Which Age of Empires game expansion pack allows you to play as Native Americans?
",The War Chiefs,The Tribal Warriors,The Lakota Warriors,Asian Dynasty,The War Chiefs
116,"What is the name of Donkey Kongs tiny sidekick?
",Tiny Kong,Donkey Kong Jr.,Diddy Kong,Mini Donkey Kong,Diddy Kong
117,"Which GTA game features Tommy Vercetti?
",Grand Theft Auto III,San Andreas,"GTA 9,000",Vice City,Vice City
118,"Which game is Luis Sera featured in?
",Burnout Revenge,Dead Rising,Resident Evil 4,Midnight Mayhem,Resident Evil 4
119,"Which of these games is not based on a comic book?
",The Darkness,Ghost Rider,Kingdom Hearts,X-Men The Game,Kingdom Hearts
120,"Which of these songs is not in Guitar Hero 2?
",Carry on My Wayward Son,Strutter,War Pigs,We Will Rock You,We Will Rock You
121,"In 2007, this game was named by IGN the 3rd best GameCube game of all time.
",Pikmin,Super Smash Bros Melee,Resident Evil 4,Nicktoons Unite,Super Smash Bros Melee
122,"In the Legend of Zelda: Twilight Princess, what is the name of the first sword you get?
",Ordon sword,Four sword,Wooden sword,Master sword,Wooden sword
123,"In The Legend of Zelda: Majoras Mask, how many days do you have until the moon crashes down on Temina?
",one,nine,three,six,three
124,"There is at least one game of the Zelda series of games, released from 1986 to 2006, in which Zelda and Link get married.
",False,True,,,False
125,"What is the name of the owner of lon-lon ranch in the Zelda series of games?
",Zelda,Ingo,Minda,Talon,Talon
126,"In The Legend of Zelda: Twilight Princess, what was the name of the villain that had been fired from a joker at Hyrule Castle?
",None of these,Gannondorf,Navi,Vati,None of these
127,"In the Zelda series of games, what is the name of the tribe Gannondorf comes from?
",Zora,Gerudo,Goron,Hylian,Gerudo
128,"Link, one of the main characters in the Zelda series of games, is a member of what race?
",Hylians,Kokiri,Zora,Goron,Hylians
129,"What is Links fathers name according to the Zelda series of games?
",It has never been revealed.,Gerald,Sam,Lance,It has never been revealed.
130,"In which Zelda game does Link turn into a bunny when he goes into the dark world without a pearl?
",Twilight Princess,Link to the Past,Ocarina of Time,Links Awakening,Link to the Past
131,"Which computer game is this soundtrack from?
",Double Dragon,Final Fight,Punisher,Street Fighter,Double Dragon
132,"What island do you start on in the online role-playing game RuneScape?
",Beginners Island,Noobonia Island,Startagonia Island,Tutorial Island,Tutorial Island
133,"What icon is used to start a low detail RuneScape game?
",A skeleton,An imp,A warrior,A barbarian,A warrior
134,"What is the name of the sword used to defeat the demon in the demon slayer quest of the online role-playing game RuneScape?
",Brightheart,Demonbane,The Shining Light,Silverlight,Silverlight
135,"In the online role-playing game RuneScape, what kind of fruit is grown in Karajama?
",Apples,Bananas,Oranges,Pineapples,Bananas
136,"Priest robes raise your mage level in the mass online game RuneScape.
",True,False,,,False
137,"What is the highest weapon type available to nonmembers in the online role-playing game RuneScape?
",Dragon,Granite,Rune,Adamantite,Rune
138,"What is the name of the fantasy realm in which the RuneScape game is set?
",None of these,Modor,Gomor,Gielinor,Gielinor
139,"What does Traiborn call you in the online role-playing game RuneScape?
",Bungdungydingdong,Hugmugabugger,Thingummywut,Trindindlekindy,Thingummywut
140,"The action in the survival horror game Resident Evil 4 takes place in what country?
",Germany,Spain,France,USA,Spain
141,"Which of the guns listed is available before you beat the Resident Evil 4 game?
",Chicago typewriter,Killer7,Handcannon,Infinite Launcher,Killer7
142,"What is the merchants real name in the video game Resident Evil 4?
",Jeremy,Krauser,It is not mentioned,Robert,It is not mentioned
143,"This creature from the game Resident Evil 4 was created by splicing genes from reptiles, insects and a human into one organism.
",None of the above,Verdugo,Garrador,U3,U3
144,"In the survival video game Resident Evil 4, the handcannon with its exclusive upgrade does 99.9 damage and has infinite ammo.
",False,True,,,True
145,"Not including the rocket launcher, what is the second most powerful weapon in Resident Evil 4, according to its damage per shot?
",Semi-auto rifle,Chicago typewriter,Killer7,Broken butterfly,Broken butterfly
146,"Whose final speech ends in We shall win through no matter the cost!
",Alexei Stukov,Edmund Duke,Jim Raynor,Arcturus Mengsk,Arcturus Mengsk
147,"Who kills the Matriarch?
",Zeratul,Sarah Kerrigan,Aldaris,Samir Duran,Zeratul
148,"The words Doom to all who threaten the homeworld belong to which unit?
",Zealot,Dark Templar,Archon,Dark Archon,Zealot
149,"What were the words of Sarah Kerrigan to Jim Raynor when they first met?
",You pig!,"Hello, Jimmy","Hello, sheriff","Hello, marshal",You pig!
150,"How many hit points does the Arclite Siege Tank have?
",140,160,150,120,150
151,"Listen to the dialogue and determine what name is missing at the end
",Raynor,Alexei,Gerard,Kerrigan,Alexei
152,"What hero do these words belong to: I fear no death, I fear no enemy, our
",Fenix,Artanis,Zeratul,Fenix,rength is eternal
153,"What is the official version for the death of Alexei Stukov?
",He commits suicide after his fleet is destroyed,"He is killed by Samir Duran, because he was a traitor",His spaceship is blown up by Prottos forces,He dies during the final assault on planet Char,He dies during the final assault on planet Char
154,"Which unit says You called down the Thunder, now reap the Whirlwind.
",Ghost,Medic,Marine,Firebat,Ghost
155,"This sound clip is from what classic Nintendo game?
",Star Fox,Donkey Kong,Super Mario Bros,The Legend of Zelda,Super Mario Bros
156,"This sound clip is from what NES game featuring a creature that could eat anything?
",Metroid,Legend of Zelda,Super Mario Bros.,Kirbys Adventure,Kirbys Adventure
157,"This is the theme to what Xbox video game?
",Final Fantasy,Eldar Scrolls IV: Oblivion,Rainbow 6,Halo,Halo
158,"This is the overworld theme to this NES game that introduced the save function because the game took so long to complete.
",Metroid,Donkey Kong,Legend of Zelda,Super Mario Bros.,Legend of Zelda
159,"This is the victory theme to what popular video game series?
",Mortal Combat,Legend of Zelda,Final Fantasy,Super Mario,Final Fantasy
160,"From which fighting game is this sound clip?
",Street Fighter II,Super Smash Bros. Melee,Teken 4,Soul Caliber II,Super Smash Bros. Melee
161,"This sound clip is from what Game Boy game that spawned an anime TV show and a collectible card game?
",Final Fantasy,Pokemon,Magic the Gathering,Yu-Gi-Oh,Pokemon
162,"This sound clip is from what PC RTS game?
",Age of Empires II,StarCraft,Command and Conquer,Warcraft III,Age of Empires II
163,"This sound clip is a theme in which of the following Legend of Zelda games?
",The Legend of Zelda: A Link to the Past,The Legend of Zelda,The Legend of Zelda: The Wind Waker,The Legend of Zelda: Ocarina of Time,The Legend of Zelda: Ocarina of Time
164,"This sound clip is from what video game series?
",Star Wars: Rouge Squadron,Final Fantasy,Star Fox,Halo,Star Fox
165,"Which of these levels is on both Star Wars: Battlefront 1 and 2?
",Death Star,Kamino,Bespin,Mustafar,Kamino
166,"You can control Jedi on both Star Wars: Battlefront 1 and 2.
",True,False,,,False
167,"What is the default number of points to destroy a ship in a space battle on Star Wars: Battlefront  2?
",500,200,10,180,180
168,"Choose the correct order for player points bonuses in Star Wars: Battlefront from least to greatest.
","Endurance, Guardian, War Hero","Guardian, Endurance, War Hero","War Hero, Guardian, Endurance","Marksman, Demolition, Technician","Endurance, Guardian, War Hero"
169,"The two levels on Kashyyyk on Star Wars: Battlefront 1 are Islands and Docks.
",True,False,,,True
170,"On the Star Wars: Battlefront game, which of these is among the non-player characters of the game?
",Mace Windu,Heavy weapons soldier,Luke Skywalker,Jawas,Jawas
171,"Who controls the AT-ATs on Hoth in Star Wars: Battlefront?
",Empire,Rebels,Republic,CIS,Empire
172,"Warchief Thrall is the leader of which clan?
",Warsong,Death Spear,Black Rock,Doomhammer,Doomhammer
173,"What type of creature is the DeathWing?
",Black Dragon,Red Dragon,Bone Dragon,Green Dragon,Black Dragon
174,"What unit or hero does the phrase Speak up fool belong to?
",Ghoul,Druid of the Claw,Prince Arthas as Dead Knight,Prince Arthas,Prince Arthas as Dead Knight
175,"Who kills Mannoroth?
",Thrall,Prince Arthas,Grom Hellscream,Illidan Stormrage,Grom Hellscream
176,"What unit or hero does this phrase belong to?
",muradin bronzebeard,Human Footman,Dwarf Rifleman,Throll Hunter,Dwarf Rifleman
177,"Which building makes the Druid of the Claw unit?
",Ancient of  Lore,Ancient of  Wind,Ancient of Wisdom,Ancient of War,Ancient of  Lore
178,"Who rides 揘ightsabre Panthers?
",Wind Druids,Head Hunters,Huntresses,Archers,Huntresses
179,"What unit or hero does the phrase 揑 can see clearly, now the rain has gone belong to?
",Thrall,Shadow Hunter,Grom Hellscream,Thief,Grom Hellscream
180,"In the Pokemon TV series, Ash saw a Gyarados in the first episode.
",True,False,,,False
181,"On what other character is Ash Ketchum loosely based in the Pokemon video games?
",Blue,Yellow,Green,Red,Red
182,"Is the Pokemon character Raikou included in any of the first ten Pokemon movies?
",No,Yes,,,No
183,"What is the first season of Johto called in Pokemon series?
",Johto,Johto Quest,Johto Journeys,Master Quest,Johto Journeys
184,"Was the tenth Pokemon movie released simultaneously in Japan and the USA?
",Yes,No,,,No
185,"Where can you find the gym leader Blaine in the video games Pokemon Gold and Silver and Pokemon Crystal?
",Celadon City,Seaform Islands,Cinnabar Island,Fusia city,Seaform Islands
186,"What is the very first car you drive in the Need for Speed: Most Wanted game?
",Golf GTI,BMW M3 GTR,Corvette C6,Lamborghini Gallardo,BMW M3 GTR
187,"There are a total of 20 blacklist drivers in the game Need for Speed: Most Wanted.
",False,True,,,False
188,"In the racing game Need for Speed: Most Wanted, what are the street names of  Blacklist numbers 1, 4, 7, and 15?
","Razor, JV, Kaze, Sonny","Taz, Big Lou, Baron, Ronnie","Kaze, Big Lou, Bull, Razor","Webster, Vic, Izzy, Bull","Razor, JV, Kaze, Sonny"
189,"How many maximum infractions can you get in a single pursuit in the game Need for Speed: Most Wanted?
",10,9,8,7,8
190,"Do you have a rap sheet in the game Need for Speed: Most Wanted?
",Yes,No,,,Yes
191,"Which of the following refers to the ability to win a Blacklist opponents car in the game Need for Speed: Most Wanted?
",pink slip,gold bars,orange tye,thong wrap,pink slip
192,"In the racing game Need for Speed: Most Wanted, where is is Blacklist number one located?
",Johan City,Rockport,Goodwales,Amberhill,Rockport
193,"Who created the theme song of the Super Mario Brothers game?
",Nobuo Uematsu,Koji Kondo,Yasunori Mitsuda,Shigeru Miyamoto,Koji Kondo
194,"Shigeru Miyamoto constructed the arcade game Donkey Kongs music himself, using an Electronic Keyboard.
",True,False,,,True
195,"The core of this gaming console, released in 1977, was combined with a display and sound chip known as the TIA, for Television Interface Adaptor.  The console was capable of producing 2 channel mono sound.
",Sega Master System,Intellivision,Atari 2600,Nintendo Entertainment System (NES),Atari 2600
196,"The sound chip of the Commodore 64 home computer, released in 1982, was very advanced for its time.  It had three channels with several different waveforms, which could reach 8 different octaves each (approximately 16 - 4000 Hz).  Name the chip.
",Sound Interface Disk,Sound Interface Component,Sound Interface Device,Sound Interface Chip,Sound Interface Device
197,"My rogue in the game Dungeons and Dragons wants to use a wand of Greater Invisibility. In order to do this he must make a Use Magic Device check at what Difficulty Class?
",25,30,20,15,20
198,"Which of the listed bonuses in the game Dungeons and Dragons stacks?
",Dodge,Enchantment,Armor,Divine,Dodge
199,"Which of these feats does not prevent attacks of opportunity in one form or another in the role-playing game Dungeons and Dragons?
",Spring Attack,Flyby Attack,Improved Unarmed Strike,Improved Trip,Flyby Attack
200,"Which Knowledge Skill would allow you to determine the type of Giant you are facing in Dungeons and Dragons?
",Dungeoneering,Religion,Arcane,Nature,Nature
201,"In the game Dungeons and Dragons, a character with 5 ranks in Bluff gains a +2 synergy bonus to all these skills but one. Which is the odd one?
",Diplomacy,Intimidate,Sleight of Hand,Gather Information,Gather Information
202,"Which of these is not a correct entrance requirement to join the Assassin Prestige Class in Dungeons and Dragons?
",Disguise 8 ranks,Move Silently 8 ranks,Hide 8 ranks,Alignment: Any evil,Disguise 8 ranks
203,"In the game Dungeons and Dragons, Aamonks Ki Strike ability evolves in what order?
","Magic, Adamantine, Lawful","Lawful, Magic, Adamantine","Magic, Lawful, Adamantine","Adamantine, Magic, Lawful","Magic, Lawful, Adamantine"
204,"In Dungeons and Dragons, the Tumble Difficulty Class needed to kip up, according the Complete Adventurer book, is what?
",30,35,40,25,35
205,"Which class in Dungeons and Dragons does not get evasion?
",Monk,Rogue,Ranger,Barbarian,Barbarian
206,"Of the choices for a Rangers favored enemy in Dungeons and Dragons, which number is immune to sneak attacks?
",6,4,3,5,5
207,"How many golden skulltulas could you get as child Link out of the whole game The Legend of Zelda: Ocarina of Time?
",35,10,20,30,35
208,"How many heart pieces can you get as adult Link in the game The Legend of Zelda: Ocarina of Time?
",5,24,20,10,24
209,"In the video game The Legend of Zelda: Ocarina of Time, what are the two places where you can get the hylian shield?
",lake Hylia and Hyrule castle.,Haunted Wasteland and Zoras domain.,Goron city and Kokiri forest.,Kakariko Graveyard and Hyrule town market.,Kakariko Graveyard and Hyrule town market.
210,"In The Legend of Zelda: Ocarina of Time, how many items do you get that are improved later in the game?
",one,six,three,four,four
211,"In The Legend of Zelda: Ocarina of Time, how many items do you trade to get the Biggorons sword?
",11,7,10,9,9
212,"In the video game The Legend of Zelda: Ocarina of Time, Link wore tunics in three colors. They were green, red and yellow.
",False,True,,,False
213,"How many hidden fairy fountains are there in the game The Legend of Zelda: Ocarina of Time, not counting the great fairies?
",3,5,6,2,6
214,"Which of the following is NOT a character class in World of Warcraft?
",Warlock,Paladin,Blood-Elf,Druid,Blood-Elf
215,"Which of the following races cannot play a Hunter in World of Warcraft?
",Draenei,Gnome,Dwarf,Tauren,Gnome
216,"The Horde and the Alliance are the two playable factions in World of Warcraft.
",True,False,,,True
217,"In World of Warcraft, it is possible to fly from Theramore to Stormwind.
",True,False,,,False
218,"In World of Warcraft, it is sometimes necessary to fight other groups of players inside an instance.
",False,True,,,False
219,"Which of the following is not a realm type in World of Warcraft?
",PvP,RP,RP-PvP,Normal,RP
220,"What is the Iron Maiden song performed in Guitar Hero 3?
",The Metal,Enter Sandman,One,The Number of the Beast,The Number of the Beast
221,"Who sings Slow Ride, one of the songs included in Guitar Hero 3?
",Foghat,Metallica,ZZ Top,Sonic Youth,Foghat
222,"What song by Tenacious D appeared in the video game Guitar Hero 3?
",Lou,Bulls On Parade,Anarchy in the U.K.,The Metal,The Metal
223,"Tom Morello is a member of the band Sonic Youth.
",True,False,,,False
224,"What is the first place you get a gig at on Guitar Hero 3?
",Fenway Park,Backyard Bash,Yankee Stadium,Mitchs Moose Lounge,Backyard Bash
225,"What is the way to evolve the pokemon Tangela to tangrowth in the Diamond and Pearl Pokemon series?
",Level it up after learning ancient power.,Trade it while holding a growth incense.,Use a leaf stone on it.,Level it up.,Level it up after learning ancient power.
226,"How do you evolve Rhydon into Rhyperior in the Diamond and Pearl Pokemon series?
",Level Rhydon up.,Trade Rhydon up while holding a hard stone.,Trade Rhydon up while holding a protector.,Trade Rhydon.,Trade Rhydon up while holding a protector.
227,"In what way can you evolve the pokemon Gilgar into Gliscor in the Diamond and Pearl Pokemon series for Nintendo DS?
",Trade it.,Trade it holding a razor fang.,None of these,Level up.,None of these
228,"How do you evolve an Electabuzz into an Electrivire in the Diamond and Pearl Pokemon series?
",None of these,Trade it while holding a electrizer.,Give it a electrizer.,Train it while holding a electrizer.,Trade it while holding a electrizer.
229,"In Pokemon Diamond and Pearl, in what way do you evolve a Porygon2 into a Porygon-Z?
",Give it an upgrade and trade it.,Give it a tech disc and trade it.,Level it up.,Give it a dubious disc and trade it.,Give it a dubious disc and trade it.
230,"What is the way to evolve a Yanma into a Yanmega in the Diamond and Pearl Pokemon series for Nintendo DS?
",At level 33 let Yanma learn rollout.,At level 33 let Yanma learn silver wind.,None of these,At level 33 let Yanma learn anchient power.,At level 33 let Yanma learn anchient power.
231,"Which of these is the correct way to evolve a Kirlia into a Gallade in Pokemon Diamond and Pearl?
",Use a dawn stone on Kirlia.,Trade Kirlia.,Use a dawn stone on a female Kirlia.,None of these,None of these
232,"In what way can you evolve the pokemon Snorunt into a Frosslass in the Diamond and Pearl Pokemon series for Nintendo DS?
",Use a dawn stone on a male Snorunt.,Use a shiny stone on a male Snorunt.,Use a dawn stone on a female Snorunt.,Use a shiny stone on a females Snorunt.,Use a dawn stone on a female Snorunt.
233,"How do you evolve a Dusclops into a Duskinoir in Pokemon Diamond and Pearl?
",Trade a Dusclops.,Train Dusclops at night.,Trade a Dusclops that is holding a reapers cloth.,None of these,Trade a Dusclops that is holding a reapers cloth.
234,"At what location does the PS2 role-playing game Final Fantasy X start?
",Zanarkand,Mt. Gagazet,Besaid,Kilika,Zanarkand
235,"Which other team member do you meet first in the PS2 game Final Fantasy X?
",Rikku,Kimhari,Auron,Yuna,Auron
236,"In Final Fantasy X, where does Yuna perform her first Sending?
",Kilika,Besaid,Djos茅,Home,Kilika
237,"In Final Fantasy X, when you enter the Farplane in Guadosalam to talk to Yunas father, Auron stays behind because he is scared of confronting Jecht.
",True,False,,,False
238,"Which of these is not a blitzball team from the PS2 game Final Fantasy X?
",Guado Glories,Besiad Aurochs,Ronso Rovers,Luca Goers,Ronso Rovers
239,"In Final Fantasy X, where do you get each of the following aeons respectively: Ifrit, Shiva, Yojimbo, Valefor, Magus Sisters, Ixion?
","Djose, Requiem, Besaid, Macalania, Calm Lands, Kilika","Kilika, Macalania, Calm Lands, Besaid, Requiem, Djose","Macalania, Kilika, Calm Lands, Gagazet, Requiem, Djose.","Kilika, Djose, Calm Lands, Requiem, Besiad, Macalania","Kilika, Macalania, Calm Lands, Besaid, Requiem, Djose"
240,"Where is Maester Seymour the final time you have to fight him in the PS2 role-playing game Final Fantasy X?
",On top of Mt. Gagazet,On the Highroad in Bevelle,Outside Besaid,In the Sea of Sorrows inside Sin,In the Sea of Sorrows inside Sin
241,"According to Final Fantasy X, what does this sentence in the Al Bhed language translate to: Xna ehi ayo degurk e wouj?
",How can you ignore a call?,Did you see Tidus swim?,Why not see snakes a rule!,Why are you taking a quiz?,Why are you taking a quiz?
242,"In Yunas speech at the end of Final Fantasy X, what phrase is an almost direct reference to Tidus?
",The friends who have gone,Stand by your friends,The dreams that have faded,Life is a game of blitzball,The dreams that have faded
243,"What does Sarias Song do in Legend of Zelda Ocarina of Time?
",Enables you to fly,Teleports you to the Hyrule Castle,Teleports you anywhere,Enables you to talk to Saria,Enables you to talk to Saria
244,"In Legend of Zelda Majoras Mask you are transformed into a Zora by Ganondorf.
",True,False,,,False
245,"Is it true that in Legend of Zelda Twilight Princess, after you get the Master Sword you can transform into a wolf any time you like?
",No,Yes,,,Yes
246,"Is it true that in Legend of Zelda and the Wind Waker, after you beat the game you can make a new file and not get Links green clothing?
",Yes,No,,,Yes
247,"In Legend of Zelda Ocarina of Time, once you pull out the Master Sword you will become older.
",True,False,,,True
248,"Is it true that in the whole Legend of Zelda series, the currency is rupees?
",Yes,No,,,Yes
249,"Where can you find the Spiritual Gem of Water in Legend of Zelda and the Ocarina of Time?
",Deku Tree,Zoras Domain,Death Moutain,Sky World,Zoras Domain
250,"What game console is the strategy video game Thrillville available on?
",DS/Gamecube/PS3,Xbox/PSP/PS2,PSP/PS3/PS2,PS3/PS2/DS,Xbox/PSP/PS2
251,"In the strategy video game Thrillville, there are 4 categories in the park menu.
",False,True,,,False
252,"Can you take control of your staff members in the Thrillville video game strategy?
",No,Yes,,,Yes
253,"In the simulation and strategy Thrillville, what is the best way to increase your attraction meter?
",Play the flirt mini-game,Talk with the person,A challenge the person to a mini-game off,Ride rides together,Play the flirt mini-game
254,"The video game Thrillville is rated T by the Entertainment Software Rating Board (ESRB).
",False,True,,,False
255,"In the Thrillville strategy video game you cant make money off of mini-games.
",False,True,,,False
256,"In the Thrillville video game, can you make money off of playing mini-golf?
",Yes,No,,,Yes
257,"You suck up trash by using a vacuum gun in the Thrillville video game.
",False,True,,,True
258,"Who are the people that save the gang from Tabuu in Super Smash Bros. Brawl?
","Ness, King Dedede, Luigi, Kirby","Mario, Luigi, Pit, Bowser",Nobody saves them.,"R.O.B., Lucario, Snake","Ness, King Dedede, Luigi, Kirby"
259,"How many rooms are there in the Great Maze in Super Smash Bros. Brawl?
",There is no great maze.,126,999999,40,40
260,"What character from Super Smash Bros. Brawl was not in Super Smash Bros. Melee?
",Pikachu,Falco,Link,Ike,Ike
261,"Including the Melee Pokemon Stadium, how many stadiums in Super Smash Bros. Brawl are related to Pokemon?
",2,6,1,3,3
262,"What is the function of the the Astral Amulet in the computer game Chrono Cross?
",Serves as a key to open  dimension ports to other worlds,To see the future,Makes you invisible,Upgrades your weapons,Serves as a key to open  dimension ports to other worlds
263,"In the computer game Chrono Cross, the water dragon gives you what ability?
",Ice Breath,Fire attack,Blizzard storm,Water attack,Ice Breath
264,"Who made the following statement in the game Chrono Cross: I love you so much... That is why I sometimes desire to smash you to bits!!!?
",Fate,Kid,Lynx,Sarge,Fate
265,"Which of these songs from the Chrono Cross soundtrack is on the sound clip?
",Garden of the Gods,Radical Dreamers,Frozen Flame,Dream of  the Shore Near Another World,Radical Dreamers
266,"Which Chrono Cross character delivered the following words: In your eyes, I perceive both the look of a beauty  and the look of a beast.?
",Harle,Kid,Fortune Teller,Serge,Fortune Teller
267,"Listen to the sound clip and name the song from the Chrono Cross soundtrack.
",Dreamwatch of time,Radical Dreamers,Time Scar,Dragon Knight,Dreamwatch of time
268,"Is Gyarados a water and flying type of Pokemon?
",No,Yes,,,Yes
269,"What type of Pokemon is Sableye?
",Ghost,Ghost dark,Ghost psychic,Ghost poison,Ghost dark
270,"What type of Pokemon is Tyranitar?
",Rock dark,Ground dark,Ground,Ground rock,Rock dark
271,"Gengar is a ghost dark type of Pokemon.
",False,True,,,False
272,"Is the Pokemon Togekiss flying and normal type of Pokemon?
",No,Yes,,,Yes
273,"Does the Pokemon Empolean belong only to the water type of Pokemon?
",Yes,No,,,No
274,"Is Typlosion only a fire type of Pokemon?
",No,Yes,,,Yes
275,"In the online game RuneScape, you can wear rune platebody without doing the quest Dragonslayer.
",True,False,,,False
276,"In the game RuneScape, big bones get your prayer level up higher than dragon bones.
",True,False,,,False
277,"Name the RuneScape character who is the duke of Lumberidge.
",Horacio,Haracio,Roald,Royald,Horacio
278,"In the RuneScape game, you have to be level 85 to mine rune.
",False,True,,,True
279,"In RuneScape, green dragonhide is better than black dragonhide.
",True,False,,,False
280,"In the game RuneScape, wearing Zamorack armour requires this level.
",50,40,35,99,40
281,"At the start of the RPG game Final Fantasy VIII, which characters are shown in the opening movie?
","Squall, Seifer, Rinoa, Edea","Squall, Rinoa","Squall, Seifer, Quistis","Zell, Selphie, Squall","Squall, Seifer, Rinoa, Edea"
282,"What is inside the lamp given to you by Headmaster Cid before your first official SEED mission in the role-playing game Final Fantasy VIII?
",Ethers,Ifrit,Potions,Diablos,Diablos
283,"In Final Fantasy VIII, what is Seifers romantic dream?
",To be Edeas knight,To marry Selphie,To date Rinoa,To go on holiday with Ade,To be Edeas knight
284,"Did Quistis Trepe from Final Fantasy VIII have a group of admirers called the Trepies?
",No,Yes,,,Yes
285,"What did Squall say to the torturer in D-District Prison about SEED in Final Fantasy VIII?
",They want to kill as many Galbadians as possible.,They want to nuke the planet and fly to a sanctuary.,They want to plant flowers and then invade the countries.,They want to master as many GFs as possible.,They want to plant flowers and then invade the countries.
286,"Which two characters played Rock, Paper, Scissors in the role-playing game Final Fantasy VIII?
",Seifer and Squall,Adel and Edea,The Brothers,Squall and Zell,The Brothers
287,"In the last fight of the role-playing game Final Fantasy VIII, who does Ultimecia summon?
",None of these,Rinoa,Ultima Weapon,Griever,Griever
288,"In the game Animal Crossing, the players must work part-time for the character who gives them their first house.
",False,True,,,False
289,"In the video game Animal Crossing the player can dig up fossils.
",False,True,,,True
290,"Which of these is not included in the game Animal Crossing?
",A tailors shop,A dump,A museum,A barbers shop.,A barbers shop.
291,"In the game Animal Crossing your character may have horns.
",False,True,,,True
292,"Can you have pets in the game Animal Crossing?
",No,Yes,,,Yes
293,"Can you have two houses in the Nintendo game Animal Crossing?
",No,Yes,,,No
294,"What can you have in your house in the game Animal Crossing?
",Rats,A mailbox,A roller-coaster,A basement,A basement
295,"Can you own a shop in the game Animal Crossing?
",Yes,No,,,No
296,"The seasons in the game Animal Crossing change as the seasons actually change in real life.
",True,False,,,True
297,"In Runescape, what creature lives in the basement of Draynor Manor?
",a vampire,a witch,a werewolf,a zombie,a vampire
298,"What is the highest level your character can go up to in the Runescape game for non-members?
",99,126,113,It never ends,126
299,"In Runescape, you must have level 40 defence to wear adamant armor.
",True,False,,,False
300,"What fruit grows on Karmaja in the Runescape video game?
",peaches,oranges,apples,bananas,bananas
301,"What item do you obtain from the 2006 Runescape Christmas Special?
",a pair of Santas magical boots,a reindeer hat,a Santa hat,a polar bear suit,a reindeer hat
302,"Can you kill demons in a non-members world of Runescape?
",Yes,No,,,Yes
303,"Can you wear goblin mail in Runescape?
",Yes,No,,,No
304,"In Runescape, you must have a level of 99 on any skill to get a Skill Cape.
",False,True,,,True
305,"Sasuke, one of the main characters in the anime series Naruto, is branded with a cursed seal.
",True,False,,,True
306,"Which of these anime characters can use the technique, known as Rasengan?
",Kakashi,Lee,Tenten,Naruto,Naruto
307,"What did anime character Sasuke say when he received the cursed seal?
",Ill destroy your whole clan.,Im an avenger.,With this power Ill brake every bone in your body.,You are dead.,Im an avenger.
308,"Fictional character Naruto killed Gaara.
",False,True,,,False
309,"What is Narutos favorite food?
",tomatoes,pizza,brocoli,ramen,ramen
310,"Who taught Sasuke the Chidori technique in the Naruto series?
",Naruto,Itachi,Kakashi,Orochimaru,Kakashi
311,"What technique in the Naruto series was created by Kakashi?
",Primary lotus,Rasengan,Leaf whirlwind,Chidori,Chidori
312,"What does Naruto dream of being in the self-titled anime series?
",hokage,real estate salesman,singer,a pizza man,hokage
313,"What Naruto character was initially infatuated with Sasuke?
",Ino,None of these,Sakura,Hinata,Sakura
314,"You get the P90 weapon at what level in Call of Duty 4?
",37,43,34,40,40
315,"How many different weapons are there in Call of Duty 4?
",30,29,17,22,29
316,"You can go into 15 Prestiges on XBox Livve.
",False,True,,,False
317,"In Call of Duty 4 you can run around with your knife and kill as many people as you want with it.
",False,True,,,False
318,"The Barret .50 Caliber is the most powerful sniper rifle in the game Call of Duty 4.
",True,False,,,True
319,"How many skins for the weapons are there in Call of Duty 4?
",5,6,3,1,6
320,"If you shoot a person in the head in the game Call of Duty 4, they can survive.
",False,True,,,True
321,"Which of these is not a stage in the first game of Banjo and Kazooie for Nintendo 64?
",Gobis Valley,Mumbos Mountain,Cloud Cuckooland,Freezeezy Peak,Cloud Cuckooland
322,"In the adventure video game Banjo-Kazooie, how many turtles are in Tiptups choir?
",7,6,5,8,6
323,"In Gobis Valley from the Banjo-Kazooie adventure video game, how many notes are there in front of the door that you ride the magic carpet to?
",3,5,9,7,5
324,"In Mad Monster Mansion from the Banjo-Kazooie video game, what is the time shown on the clock above the church?
",13 oclock,None of these,The hands are moving,Midnight,None of these
325,"In the quiz stage of the adventure video game Banjo-Kazooie, failing a question on a Grunty Space will cause the characters to fall into the lava pit.
",False,True,,,False
326,"Gobi is the name of the camel in Gobis Valley in the Banjo and Kazooie video game.
",True,False,,,True
327,"Do you need to talk to somebody in Kurast Docks in order to activate the first quest in Act III of the computer game Diablo II?
",No,Yes,,,No
328,"Complete the title of the 2nd quest in Act III of the computer game Diablo II:  Blade of the _____ Religion.
",New,Lost,Old,Found,Old
329,"In the third quest of Act III in Diablo II, how many items must be retrieved?
",4,1,5,2,4
330,"Who must you talk to, in order to activate the Lam Esens Tome quest in the computer game Diablo II?
",Asheara,Ormus,Deckard Cain,Alkor,Alkor
331,"The 5th quest in Act III of Diablo II is activated by Ormus, only if you are able to find this place.
",Kurast Bazaar,Durance of Hate,Upper Kurast,Travincal,Travincal
332,"What boss must be fought in the last quest in Act III of the computer game Diablo II?
",Andariel,Diablo,Baal,Mephisto,Mephisto
333,"What reward will you receive upon completing the first quest in Act IV of the game Diablo II?
",Free repair,Two skill points,Free potions,Two points in your attributes,Two skill points
334,"You must talk to this person in order to activate your 2nd quest in Act IV of the computer game Diablo II.
",Tyrael,Halbu,Jamella,Deckard Cain,Deckard Cain
335,"What is the title of the last quest in Act IV of the computer game Diablo II?
",Diablo: Lord of Terror,Revenge,Terrors End,Restoration of Goodness,Terrors End
336,"Which one of these songs is NOT in the final section of Guitar Hero III, Lous Inferno?
",Stricken,Raining Blood,One,The Number of the Beast,Stricken
337,"You must beat Guitar Hero III on Expert to be able to play Through the Fire and Flames.
",False,True,,,False
338,"What song is unlocked after beating Tom Morello in a guitar battle in the video game Guitar Hero III?
",Bulls on Parade,She Bangs the Drums,Schools out,Slow Ride,Bulls on Parade
339,"After you beat Guitar Hero III on Expert, you are informed that you can really test your skill by doing this.
",playing Expert in Precision Mode,playing people online,trying to get 5 stars on every song,battling against a friend,playing Expert in Precision Mode
340,"On what date was the release of Call of Duty 4: Modern Warfare announced?
","April 25, 2007","March 10, 2007","June 30, 2007","June 22, 2007","April 25, 2007"
341,"How many times can a player trade in their levels at prestige mode in the first-person shooter Call of Duty 4?
",11,9,10,12,10
342,"In the Xbox 360 version of Call of Duty 4, the achievement war pig is given for killing Khaled Al-Asad.
",True,False,,,False
343,"The AC-140 gunship has 3 different weapons and uses thermal vision in Call of Duty 4.
",False,True,,,False
344,"Billy Murray lends his voice to Captain Price from Call of Duty 4: Modern Warfare.
",False,True,,,True
345,"Who do you have to talk in order to receive your first quest after creating a character in the game Diablo II?
",Kashya,Akara,Warriv,Charsi,Akara
346,"What is the 2nd quest in the first chapter of the computer game Diablo II?
",The Forgotten Tower,Sisters Burial Grounds,Den of Evil,The Search for Cain,Sisters Burial Grounds
347,"Who must be rescued in the third quest of the game Diablo II?
",Deckard Cain,Raven,Gheed,Flavie,Deckard Cain
348,"What must be retrieved in the fifth quest of the first act of the computer game Diablo II?
",Horadric Headpiece,Horadric Staff,Horadric Cube,Horadric Malus,Horadric Malus
349,"What is the last quest in Chapter I of the computer game Diablo II?
",Sisters to the Slaughter,Fathers to the Slaughter,Brothers to the Slaughter,Mothers to the Slaughter,Sisters to the Slaughter
350,"Who must be defeated in the first quest of the second chapter of the computer game Diablo II?
",Radament,Duriel,Tal Rasha,Summoner,Radament
351,"Which item must be formed, to succeed in the second quest of Chapter II of the computer game Diablo II?
",Horadric Malus,Horadric Shaft,Horadric Headpiece,Horadric Staff,Horadric Staff
352,"What is your objective of the 4th quest of Chapter II in the game Diablo II?
",to kill the Summoner,to kill all monsters in the Arcane Sanctuary,to open the portal to the Kurast Docks,to get the Journal,to get the Journal
353,"Who must be killed in the 5th quest in Chapter II of  Diablo II?
",Hell Clan,Summoner,Ghoul Lord,Specter,Summoner
354,"Who must be saved in the last quest in Chapter II (The Seven Tombs) of the computer game Diablo II?
",Tyrael,Ormus,Jamella,Halbu,Tyrael
355,"Name Master Chiefs partners in the video game Halo 1.
",Alienators,Alien Hunters,Green Toads,Green Horns,Green Horns
356,"Name the aliens with the shields in the game Halo 1.
",Hunters,Jackals,Grunts,Elites,Jackals
357,"You start out with a weapon in the first level of Halo 1.
",True,False,,,False
358,"What is the name of the Halo 1 aliens with plasma cannons?
",Hunters,Grunts,Elites,Jackals,Hunters
359,"What are the smallest aliens you face in the video game Halo 1?
",Jackals,Hunters,Elites,Grunts,Grunts
360,"These aliens are the protectors of halo in the video game Halo 1.
",Jackals,Hunters,Elites,Grunts,Elites
361,"Master Chief is the protagonist of the Halo video game.
",True,False,,,True
362,"What is the name of Samus enemies common to nearly every Metroid video game
",Space Pirates,The Federation,The Chozo,X Parasites,Space Pirates
363,"What is the name of the suit Samus starts out with in almost every Metroid video game?
",Power Suit,Gravity Suit,Varia Suit,Phazon Suit,Varia Suit
364,"What word is always attached to the names of the shots that come from Samus arm-mounted gun in the Metroid video game?
",Beam,Rocket,Gun,Launcher,Beam
365,"What type of character is Samus from the Metroid video game?
",Chozo Male,Human Male,Luminoth Female,Human Female,Human Female
366,"In the Metroid video game, what is Samus profession?
",Professional Collector,Soldier,Pirate,Bounty Hunter,Bounty Hunter
367,"What special abilities are unique to Metroids in the video game series Metroid?
",They can suck out your life energy.,They can kill by physical contact.,They can create lifelike illusions.,They can kill by eye contact.,They can suck out your life energy.
368,"Which of these is not an upgrade Samus receives in the Metroid game series?
",Grenade Launcher,Morph Ball,Missile Launcher,Grapple Beam,Grenade Launcher
369,"In the Metroid video game series, what species created the suit and most of the upgrades available to Samus?
",The Lords of Science,The Chozo,The Luminoth,The X,The Chozo
370,"Which of these is not an ability available to Samus while in Morph Ball Mode of the Metroid video game?
",Phazon Bomb,Bomb,Power Bomb,Boost Ball,Phazon Bomb
371,"Naruto was first published in 1999, in this magazine.
",Weekly Shonen Run,Weekly Shonen Jump,Monthly Shonen Jump,None of these,Weekly Shonen Jump
372,"Who is the only female Akatsuki member in the Naruto manga series?
",Jugo,Madara,Kanan,Konan,Konan
373,"Who is the first ninja recruited for the fictional team Hawk?
",Suigetsu Hozuki,Shunsuke Sakuya,Sasuke Uchiha,Akeno Watanabe,Suigetsu Hozuki
374,"Namikaze Sateraito is the opening song for the first 22 episodes of which Naruto season?
",1,7,6,8,1
375,"Orochimarus Curse is the title of which volume of the Naruto manga?
",5,6,7,4,7
376,"Masatoshi Kazikuga is the author of two novelizations of Naruto, published in Japan and America.
",False,True,,,False
377,"What can you wield after the Monkey Madness Quest in RuneScape?
",Dragon Scimitar,Dragon Spear,Dragon Halberd,Dragon Longsword,Dragon Scimitar
378,"The RuneScape game was created by Christopher Grower.
",True,False,,,False
379,"Which of the following RuneScape defence armors is the best?
",Dragon (full),Guthans (full),Dharoks (full),Veracs (full),Veracs (full)
380,"When was the first version of RuneScape released to the public?
","July 4th, 2003",Febuary 8th 1998,January 4th 2001,June 5th 2001,January 4th 2001
381,"RuneScape is set in the fantasy-themed realm of Gielinor.
",True,False,,,True
382,"The creator of RuneScape was helped by his cousin, Joel, in developing the game.
",True,False,,,False
383,"What was RuneScape originally named?
",DeviousMUD,Runeworld,DeviousWOF,RuneLand,DeviousMUD
384,"What is the name of the evil god in RunesSape whose rival is Saradomin?
",Guthan,Guthix,Dharok,Zamorak,Zamorak
385,"Are there members-only servers for RuneScape Classic?
",Yes,No,,,Yes
386,"What weapon do you wield after the Regicide Quest in RuneScape?
",Dragon hally,Flaming sword of death,Dragon longsword,Dagon scimitar,Dragon hally
387,"Ash Ketchum, the main protagonist in the Pok茅mon anime, is loosely based on what other character?
",Blue,Green,Red,Yellow,Red
388,"In what way can you evolve the Pokemon Gilgar into Gliscor in the Diamond and Pearl Pokemon series for Nintendo DS?
",none of these,train it at night,Trade it while holding a razor fang,trade it,none of these
389,"Celebi is a grass type Pokemon that you can find in the sinnow region.
",True,False,,,False
390,"Which of the following is not a game in The Last Half of Darkness series?
",The Last Half of Darkness 3,The Last Half of Darkness: Shadows of the Servants,The Last Half of Darkness VGA,The Last Half of Darkness: New Ways to Die,The Last Half of Darkness: New Ways to Die
391,"Which of these is not the title of an actual PC game?
",Power Rangers Time Force,Last Warrior of Orion,Master of Magic,Archon Ultra,Last Warrior of Orion
392,"Which of the following is part of the game Archon Ultra?
",Valkyrie,Black Knight,Witch,Orc,Valkyrie
393,"In the Last Half of Darkness series, there is a Last Half of Darkness III VGA.
",False,True,,,False
394,"Which of these horror movie based games isnt a PC game?
",The Mist,Alien Trilogy,Blade,Clive Barkers Undying,Blade
395,"Which of these games was not developed by New World Computing?
",Heroes of Might and Magic,Planets Edge,Might and Magic,X-COM: UFO Defense,X-COM: UFO Defense
396,"Which of the following is not an adventure game?
",Dragon Lore: The Legend Begins,Raptor: Call of the Shadows,The Nine Lives of the Secret Agent Katt,7th Guest,Raptor: Call of the Shadows
397,"What type of game is Power Rangers Time Force?
",All of these,3D Action game,Mini-game collection,2D Side-scroller,All of these
398,"Who created the game Last Half of Darkness?
",Brian Moriarty,Bill Gates,William R. Fisher III,Roberta Williams,William R. Fisher III
399,"Which of the following is not a real role-playing game?
",Albion,Dungeon Master,Last Guardian,Bloodnet,Last Guardian
400,"What is the name of the evil dragon in RuneScape that players have to kill in the Dragon Slayer quest?
",Elvarg,Delrith,Hector,Verac,Elvarg
401,"In the RuneScape game, on the Construction Skillcape emote, the character performing the emote does which of the following?
",Builds a small house around himself,Hammers down nails on a board,Makes a workbench with a saw,Builds a bridge,Builds a small house around himself
402,"To equip Barrows armour and weapons in RuneScape, you must have an attack and defence level 70.
",True,False,,,True
403,"Is it true that in the RuneScape game, goblins can be found only in Goblin Village and Goblin Cave?
",No,Yes,,,No
404,"In the RuneScape game, you need to have 80 defence to use Guthix armor.
",False,True,,,False
405,"What was the reward in RuneScapes 2008 Easter Seasonal Event?
",a chocolate sword that you can eat off of 3 times a day healing 10hp,a chocatrice cape that turns you into a wrapped egg,Easter bunny ears that make your speed increase,a giant cookie,a chocatrice cape that turns you into a wrapped egg
406,"In the mime random event in RuneScape, the object is to identify all the mime emotes and get a reward afterwards.
",True,False,,,True
407,"To start the Demon Slayer Quest in RuneScape, you must talk to which one of these?
",a dwarf,The Gypsy,Sir Vyrinn,The duke of Lumbridge,The Gypsy
408,"In what RuneScape quest do you have to use a friend from the opposite gang?
",Dragon Slayer,Shield of Arrav,Vampire Slayer,Romeo and Juliet,Shield of Arrav
409,"In the game Super Mario Kart, how many coins do you receive for placing 1st in a single race?
",15,9,10,12,9
410,"Do players have lives in the racing game Super Mario Kart?
",Yes,No,,,Yes
411,"In the game Super Mario Kart, what does the mushroom item do to the racer?
",poisons the racer so they cant steer correctly,gives the racer a short burst of speed,makes the racer large to run over other racers,slows the racer so they dont go as fast,gives the racer a short burst of speed
412,"All of the following cups are in the game Super Mario Kart, except which one of these?
",Star cup,Mushroom cup,Special cup,Lightning cup,Lightning cup
413,"The feather item in the game Super Mario Kart helps the racer by jumping.
",True,False,,,True
414,"In the Flower cup, in the game Super Mario Kart, on which track do you start?
",Donut Plains 2,Choco Island,Koopa Beach 1,Mario Circuit 1,Choco Island
415,"In Super Mario Kart, the green shell is a heat-seeking missile.
",False,True,,,False
416,"In the game Super Mario Kart, for the Super Nintendo, it is possible to fall off the track.
",True,False,,,True
417,"All of the following are items used in the game Super Mario Kart, for the Super NES, except which one of the following?
",coins,banana peel,ghost,blue shell,blue shell
418,"On the Nintendo 64 version of Mario Kart, Wario replaced which of the following playable characters from the Super NES version?
",Princess Peach,Koopa Troopa,Donkey Kong,Yoshi,Koopa Troopa
419,"There is a PC port in the first three Timesplitters games.
",False,True,,,False
420,"How many of the following Power Rangers games are for PC: Power Rangers; Power Rangers: Lightspeed Rescue; Power Rangers: Super Legends; Power Rangers Zeo Versus the Machine Empire; Power Rangers: Ninja Storm Double Pack?
",5,4,2,1,5
421,"Excluding collections, how many Might and Magic games were released from 1986 to 2002?
",11,9,10,7,11
422,"In Might and Magic 8, which of these classes are unselectable for the main character?
",Vampire,Dark Elf,Knight,Dragon,Dragon
423,"Joe Satriani was given a special thanks in B.A.T. II.
",False,True,,,True
424,"In which of these games does the player take the role of Kirt?
",Marvel: Ultimate Alliance,Quest for Glory,Freedom Force,Shadowcaster,Shadowcaster
425,"Which of these games is rogue-like?
",Neverwinter Nights,Baldurs Gate,The Elder Scrolls 4 Obvilion,Ancient Domains of Mystery,Ancient Domains of Mystery
426,"How many races are there in Star Wars: Galactic Battlegrounds? (With expansion)
",12,7,8,6,8
427,"What do you transform into in stage 4 of Altered Beast?
",Werewolf,Werebear,Weredragon,Weretiger,Weretiger
428,"Which of these games isnt an action/adventure hybrid?
",Grand Theft Auto,Kings Quest: Mask of Eternity,The Nine Lives of the Secret Agent Katt,The Adventures of Maddog Williams,Grand Theft Auto
429,"Who is the protagonist of the PC game Blood?
",Ellen Ripley,Hugo,Blake Stone,Caleb,Caleb
430,"Which of these isnt a game from the Hugo series?
",Hugos Castle of Death,Hugos House of Horror,Nightmare 3D,Whodunit?,Hugos Castle of Death
431,"Name the odd game.
",The Terminator,Doom,Twilight 2000,Archon,Archon
432,"Which of these games was not developed by Blizzard?
",Blackthrone,Diablo,The Lost Vikings,Hammer of the Gods,Hammer of the Gods
433,"Which of these games was developed by New World Computing?
",Pizza Tycoon,Planets Edge,Blackthrone,One Must Fall 2097,Planets Edge
434,"Which of these isnt a Sega collection for PC?
",Sega Genesis Collection,Sonic 3 and Knuckles,Sega Smash Pack,Sonic Adventure DX: Directors Cut,Sega Genesis Collection
435,"In the Nancy Drew conputer games, Nancy Drews trusty sidekicks are cousins George Fayne and this slightly plump blonde.
",Jenny,Beth,Bess,Tess,Bess
436,"These two detective brothers appear several times in the Nancy Drew computer games to help Nancy solve mysteries.
",Frank and Joe,Frank and Moe,Fred and Joseph,None of these,Frank and Joe
437,"What was the very first Nancy Drew computer game?
",Treasure in the Royal Tower,Secrets Can Kill,Message in a Haunted Mansion,Secret of the Old Clock,Secrets Can Kill
438,"What did Nancy Drew find along with a message in the computer game Message in a Haunted Mansion?
",A piece of glass,A bat wing,She did not find anything along with the note.,A shark tooth,A shark tooth
439,"In which of these computer games did Nancy Drew wake up in the middle of the night because of a nightmare?
",Creature of Kapu Cave,Secrets Can Kill,She never had a nightmare.,Ghost of Blackmoor Manor,Ghost of Blackmoor Manor
440,"Which of these characters appears in the Nancy Drew computer game Lights, Camera, Curses!?
",Rick Arlen,None of these,Molly McOwens,Sally McDonald,Molly McOwens
441,"In the computer game Warnings at Waverly Academy, what was pictured on Nancy Drews cabin door?
","Mr. Mingles, the cat",A butterfly with you and your roommates names in it,it was blank,The Waverly Academy crow,"Mr. Mingles, the cat"
442,"Rick Arlen is known as an arrogant television star from Stay Tuned for Danger, but his picture appears in what place in another Nancy Drew game?
",His picture never appears in another game,In a briefcase,In a bottle,In a bedside picture frame,In a briefcase
443,"The wolf in the computer game White Wolf of Icicle Creek was named Isis.
",False,True,,,True
444,"In the computer game The Final Scene, a flashing ring gave Nancy Drew the opportunity to save a friend.
",True,False,,,True
445,"In the Nancy Drew computer game Ghost Dogs of Moon Lake, what is the rangers last name?
",Smith,Wilkinson,Madison,His last name was never revealed,Smith
446,"When you first start Wonderland Online, where do you find yourself?
",On a ship,On an island,On a dock,In a volcano,On a ship
447,"When your raft gets washed up, what is the place it lands (for the first time) in the game Wonderland Online?
",Beginners Island,Tutorial Ridge,Starter Beach,Newbie Point,Starter Beach
448,"Which one of these is not a jelly monster you can find on North Island in the game Wonderland Online?
",Pineapple,Pear,Kiwi,Grape,Pear
449,"In Wonderland Online, which of these makes your level go up?
",Killing monsters,Fishing,Setting up shops,Compounding items,Killing monsters
450,"You can ride beasts that you capture in the game Wonderland Online.
",True,False,,,True
451,"In Wonderland Online it is possible to have a dinosaur as a pet.
",False,True,,,True
452,"What game starts when you talk to some fierce rabbits at Kelan Village in Wonderland Online?
",Operation,Situation,Conversation,Reaction,Reaction
453,"What does a mermaid at North Island ask you to fetch for her as a quest in the game Wonderland Online?
",Her true love,Her will,A message in a bottle,A shell,A shell
454,"How many characters in Super Smash Bros Brawl have the Final Smash Attack of Landmaster?
",none,3,2,4,3
455,"How many characters are there at the beginning of Super Smash Bros Brawl?
",19,15,21,20,20
456,"How many Super Smash Bros Brawl characters have 2+ characters in their team?
",6,5,4,3,5
457,"How many bosses are there in Subspace Emissary in Super Smash Bros Brawl?
",10,9,8,5,8
458,"What are the bosses in the first Metroid game?
","Alpha Metroid, Gamma Metroid, Zeta Metroid, Omega Metroid, Queen Metroid","Ridley, Mother Brain, Queen Metroid","Ridley, Kraid, Mother Brain","Ridley, Kraid, Queen Metroid","Ridley, Kraid, Mother Brain"
459,"Chronologically what is the last boss Samus has faced in the Metroid series?
",Omega Metroid,Queen Metroid,Mother Brain,Aurora Unit 313,Omega Metroid
460,"In Metroid Prime 3: Corruption Samus fights Meta Ridley while falling down which of the following?
",Elevator Shaft,Generator Shaft,Ventilation System,Garbage Disposal,Generator Shaft
461,"Why is Phatoons eye his weak point in the Metroid series?
",He will run away if blinded.,His eye is the only thing that connects him to the material world.,His eye is his only weapon.,It is unknown.,His eye is the only thing that connects him to the material world.
462,"The Pinnacle of Project Helix is what kind of Phazon Infused Space Pirate?
",Berserker Lord,Berserker Knight,Omega Pirate,Elite Pirate,Omega Pirate
463,"In the Metroid series, the Vorashs weak point is its eyes.
",True,False,,,False
464,"The final boss of Metroid Other M on hard mode is Phantoon.
",True,False,,,False
465,"What is Nightmares main weapon in the Metroid series?
",Gravity Manipultain Device,Phazon Cannons,The ability to create hallucinations,Multi-laser system,Multi-laser system
466,"The Berserker Lord is fought twice in the Metorid series.
",True,False,,,True
467,"Where does the first game of the Crysis series take place?
",Mars,Caribbean Islands,Lingshan Islands,North Korea,Lingshan Islands
468,"Of the Crysis characters below, who is not a member of Raptor Team?
",Psycho,Alcatraz,Aztec,Prophet,Alcatraz
469,"What Crysis character founded C.E.L.L?
",Jacob Hargreave,Dr. Gould,Tara Strickland,Major Lockhart,Jacob Hargreave
470,"Which city is not a Ceph point of interest in the Crysis game series?
",London,Paris,Cairo,Hawaii,Paris
471,"In the Crysis games Ceph Organisms are nicknamed Stalkers.
",False,True,,,True
472,"What is the Typhoons Rate of Fire in the Crysis games?
",500 Rounds per minute,720 Rounds per second,"None, the Typhoon fires a beam that you must focus on the target",500 Rounds Per second,500 Rounds Per second
473,"You can not destroy a round from the Gravity Bomb Launcher in the Crysis games.
",True,False,,,False
474,"Prophet dies at the beginning of Crysis 2 .
",True,False,,,True
475,"In the Crysis games, Pingers do not fire at Alcatraz when he is cloaked.
",True,False,,,False
476,"What year was Crysis character Jacob Hargreave born?
",1967,1896,2001,1919,1896
477,"Which map is considered as a remake of the much loved Halo 3 map Valhalla?
",Exile,Haven,Vortex,Ragnarok,Ragnarok
478,"The plasma rifle is the first covenant weapon to be unlocked in the multiplayer mode of Halo 4.
",True,False,,,False
479,"What are the only two weapons you can use in Grifball in Halo 4 Multiplayer?
",Gravity Hammer and Energy Sword,Sniper Rifle and Binary Rifle,Rocket Launcher and Incinerator Canon,Storm Rifle and Supressor,Gravity Hammer and Energy Sword
480,"What is the award you get for infecting every player in Flood mode in Halo 4 Multiplayer?
",Hunter,Gravemind,Floodifier,Flood Master,Gravemind
481,"Which  Halo 4 Multiplayer map has a Mantis being constructed in the center of the map?
",Adrift,None,Ragnarok,Longbow,None
482,"You can drop weapons of your choice in Halo 4.
",False,True,,,True
483,"On what ship does the Halo 4 Multiplayer take place?
",UNSC Pillar of Autumn,UNSC Infinity,UNSC Spirit of Fire,None,UNSC Infinity
484,"The Binary Rifle in Halo 4 can only kill someone with a headshot.
",False,True,,,False
485,"What is the Promethean pistol called in Halo 4?
",Hardlight Pistol,Plasma Pistol,Light Pistol,Boltshot,Boltshot
486,"Which armor ability allows the user to see through walls in Halo 4?
",Advanced Vision googles,Promethean Vision,X-ray Vision,Heat Scanner,Promethean Vision
487,"What happens when you die in the 2006 Runescape Halloween Event?
",You burst into flames of different colors.,The Grim Reaper comes to claim your body.,Saradomin reincarnates your body after you die.,nothing,The Grim Reaper comes to claim your body.
488,"Jagex Ltd released RuneScape 3 in 2004.
",True,False,,,False
489,"In Runescape a chicken is a level 1 monster.
",False,True,,,True
490,"Zezima is the name of a Runescape player who was first ranked number 1 in 2003.
",False,True,,,False
491,"When were Runescape Bots introduced?
",September 2001,January 2001,May 1997,January 1997,January 2001
492,"How many sub-quests are there in the quest Recipe for Disaster?
",six,91,5,10,10
493,"The King Black Dragon was the highest level monster in Runescape until 7 September 2004, when it was replaced by which of the following?
",Mithril Dragon,Dust Devil,None of these,The Kalphite Queen,The Kalphite Queen
494,"Did any Runescape player manage to kill the Corporal Beast by themselves without abusing a glitch during the first year of the Beasts release?
",No,Yes,,,No
495,"On Tutorial Island of RuneScape you get runes from a male character.
",False,True,,,True
496,"Which of these RuneScape weapons is the most powerful?
",Ancient staff,Sardomin staff,Iban staff,Ahrims staff,Ahrims staff
497,"Which of these is the best type of RuneScape weapon for non members?
",Rune,Granite,Barrow,Dragon,Dragon
498,"Which of these RuneScape quests is the most difficult?
",Final Showdown of Death,Prince Ali Rescue,Monkey Madness,Dragon Slayer,Monkey Madness
499,"Christopher Greenfield is the creator of the RuneScape game.
",False,True,,,False
500,"The creator of RuneScape was helped by his cousin in developing the game.
",False,True,,,True
501,"Is is true that in RuneScape, the Corporeal Beast is level 311, the highest level?
",Yes,No,,,No
502,"Which of the following is not a place in RuneScape?
",Bounty Hunter,Duel Wars,Castle Wars,Clan Wars,Duel Wars
503,"Name the female character and one of the four survivors in LFD1.
",Marylin,Zoey,Roxanne,Mimi,Zoey
504,"What is the main difference between LFD1 and LFD2 in regard to use of weapons?
",In LFD2 you can use a flame thrower.,In LFD1 there are no melee weapons like the ax or the machete.,In LFD1 there are no pipe bombs.,In LFD2 you can throw hand grenades.,In LFD1 there are no melee weapons like the ax or the machete.
505,"Setting off a car alarm scares off the zombies in LFD.
",True,False,,,False
506,"A pipe bomb is an ideal weapon to destroy LFD zombies because it is a silent weapon and they wont hear it when you throw it among a group of them.
",False,True,,,False
507,"Unlike in other video or PC games you cannot save a game in LFD and then come back later to play it from where you left off.
",True,False,,,True
508,"Name the fictional government agency or organization that was supposed to fight the infection and evacuate people from infected areas in LFD.
",CEDA,UNSC,PETA,USAA,CEDA
509,"In LFD2 the Parish campaign takes place in this city.
",Savannah,Miami,Atlanta,New Orleans,New Orleans
510,"What is the name of fictional band featured in LFD2?
",The Runarounds,The Rockabillies,Stagnant Water,The Midnight Riders,The Midnight Riders
511,"What pestilence or disease caused people to turn into zombies and deformed some of them into super mutants in LFD?
",Swines disease,The mutant virus,Nuclear malaria,The green flu,The green flu
512,"What is the name of the race car driver encountered in the Dead Center campaign of LFD2?
",Hank Buffet,Speedy Weedy,Jimmy Gibbs Jr.,Herb Gonzales,Jimmy Gibbs Jr.
513,"In LFD1 the achievement known as Do Not Disturb is awarded for which of the following?
",Not interrupting a fellow survivor when he is busy shooting at one of the zombies,Not waking up your fellow survivors while they are sleeping in the safehouse,Not disturbing a zombie while its eating someone,Sneaking past all Witches in a campaign without disturbing one,Sneaking past all Witches in a campaign without disturbing one
514,"In LFD2 the achievement known as the CHAIN OF COMMAND is awarded for which of the following?
",Tying up one of the special infected with some chain,Using a chainsaw to cut through some dense brush,Killing 100 Common Infected with the chainsaw,Whipping one of the zombies with a piece of chain,Killing 100 Common Infected with the chainsaw
515,"You can add more maps and campaigns in LFD1 and LFD2.
",False,True,,,True
516,"In both LFD1 and LFD2, accumulating more cash than the other survivors will give you an advantage.
",True,False,,,False
517,"What unique Zord do the Time Force Rangers have?
",Time Shadow,Last Time,Time Knight,Dark Time,Time Shadow
518,"Zelda, featured in The Legend of Zelda series of video games, is what kind of character?
",The main villain,The old lady,The princess,The elfin hero,The princess
519,"What is the currency used in the Legend of Zelda video game series?
",Coins,Triangles,Rings,Rupees,Rupees
520,"Which of these is not a race featured in the Legend of Zelda video games?
",Zora,Hylian,Hobbit,Rito,Hobbit
521,"Which of these items is always in Links arsenal in the Legend of Zelda games?
",Boomerang,Wand of Gamelon,Hookshot,Magic cape,Boomerang
522,"In The Legend of Zelda series of video games Zelda possesses which piece of the Triforce?
",Power,Wisdom,All of them,Courage,Wisdom
523,"Is there a game called Super Mario Tennis?
",Yes,No,,,No
524,"There are Mario games featuring racing, baseball, soccer, tennis, and golf.
",False,True,,,True
525,"Which of the following characters is NOT a sidekick in Super Mario Strikers?
",Paratroopa,Birdo,Toad,Hammer bros.,Paratroopa
526,"In Mario Superstar Baseball what do you have to you use to unleash your characters super pitch?
",A heart,A fire flower,A star,A credit,A star
527,"In Mario Kart, characters are classified as either heavy or light.
",True,False,,,False
528,"What is Luigis power shot in Mario Power Tennis?
",He sucks the ball with a vacuum.,He jumps really high and slams the ball.,A hammer,A super big tennis racket,A hammer
529,"In Mario Power Tennis, Bowsers racket has spikes on it.
",True,False,,,True
530,"What is the most basic court in Mario Power Tennis?
",Mario Mansion,Peach Palace,Peach Dome,Mario Yard,Peach Dome
531,"Sonic the Hedgehog is the protagonist of a video game, released by Nintendo.
",True,False,,,False
532,"Which one of these game systems was released by Nintendo?
",Playstation,None of these,snes,Xbox,snes
533,"Does Nintendos mascot Mario wear a red and black hat?
",No,Yes,,,No
534,"Is it true that Kirby, the protagonist of the Kirby game series, is pink?
",No,Yes,,,Yes
535,"Captain Falcon, from the F-Zero video games, is a pirate.
",True,False,,,False
536,"Which of these games was not released by Nintendo?
",Warioware,Mario Galaxy,Assassins Creed,Star Fox,Assassins Creed
537,"Which Super Smash Bros. Melee character can be unlocked by defeating the 10-minute melee?
",Falco,Jigglypuff,Roy,Mr. Game and Watch,Falco
538,"Which character in Super Smash Bros. Melee can be unlocked by beating the game with every character?
",Luigi,Falco,Mr. Game and Watch,Roy,Mr. Game and Watch
539,"Which character in Super Smash Bros. Melee did not have a grapple ability?
",Zelda,Young Link,Link,Samus,Zelda
540,"Which Pokemon character in Super Smash Bros. Melee damages itself by using its B button moves?
",Mewtwo,Jigglypuff,Pichu,Pikachu,Pichu
541,"Which character in Super Smash Bros. Melee is the final boss of the normal game (Classic Mode)?
",Poorly Coordinated Hand,Crazy Hand,Master Hand,Power Hand,Master Hand
542,"Which character in Super Smash Bros. Melee could jump more than once in midair?
",Peach,Meta Knight,Kirby,Yoshi,Kirby
543,"Which character in Super Smash Bros. Melee is unlocked by beating the game with a character from the same game?
",Falco,Mewtwo,Roy,Captain Falcon,Roy
544,"Which character in Super Smash Bros. Melee had the ability to pick up other characters and walk with them?
",Ganondorf,Donkey Kong,Bowser,Mario,Donkey Kong
545,"Which of the following game series featured the most Super Smash Bros. Melee characters?
",Zelda,Mario,Star Fox,Pokemon,Mario
546,"Which character in Super Smash Bros. Melee does not have a saving Up B button move?
",Yoshi,Bowser,Dr. Mario,Peach,Yoshi
547,"What is the name of the main character in the 2006 third-person shooter Gears of War?
",Marcus Fenix,Lt. Kim,Dominic Santiago,Baird,Marcus Fenix
548,"In video game Gears of War, these creatures let loose loud piercing shrieks when they attack but are generally easy to kill.
",Wretches,Drones,Corpsers,Theron Guards,Wretches
549,"In Gears of War, if you stay in the dark and walk slowly, the mutant race Kryll wont attack you.
",False,True,,,False
550,"In Gears of War, which of these creatures is blind, walks upright and hunts by smell?
",Drone,Corpser,Berserker,Wretch,Berserker
551,"In the third-person shooter Gears of War, can you kill the Corpser in the Locust tunnels by using the Hammer of Dawn?
",Yes,No,,,No
552,"What is the name of the Colonel who is in command according to the scenarios in Gears of War?
",Raam,Cole,Hoffman,Santiago,Hoffman
553,"In the Gears of War game, which member of Alpha Team is first found fighting in a small courtyard, alone and taunting the Locust?
",Cole,Baird,Rojas,Kim,Cole
554,"Which difficulty setting can only be unlocked by completing Gears of War once on any difficulty?
",Normal,Casual,Insane,Hardcore,Insane
555,"General RAAM is protected by the mutant race Kryll when you try to kill him on the train at the end of Gears of War.
",True,False,,,True
556,"Which of these dragons is the strongest in the Runescape game?
",Red Dragon,Blue Dragon,Black Dragon,Green Dragon,Black Dragon
557,"Which of these Runescape creatures drops a Dragon 2H Sword?
",Mithral Dragon,King Black Dragon,Chaos Elemental,Calphite Queen,Chaos Elemental
558,"What is the name of the city in Runescape that you unlock after the Lost City Quest?
",Falador,Zanaris,Catherbys,Camalot,Zanaris
559,"Which of these is the postal service in Runescape?
",NYER,LPOG,LAPD,RPDT,RPDT
560,"In the Runescape game you get a fishing skillcape in the Legends Guild.
",True,False,,,False
561,"How many forms does the Calphite Queen have in the game Runescape?
",5,4,2,3,2
562,"Which of these pets can you own in Runescape?
",Hamster,Kitten,Dog,Bird,Kitten
563,"You can own a pet rock in the Runescape game.
",True,False,,,True
564,"In the action/adventure game Killer7, the name of the assassin who can change between seven deadly personalities is Harman Smith.
",False,True,,,True
565,"Which persona from the Killer7 game is the one with the Scope on his/her Automatic?
",Harman,Con,Dan,Kaede,Kaede
566,"In Killer7, what is the character Con Smiths鈥 age?
",17,14,It is not stated.,25,14
567,"Which voice-over actress, who has also done voices for Nickelodeon, is the voice of Kaede in Killer7?
",Debby Derryberry,Tara Strong,Lacey Chabert,E.G Daily,Tara Strong
568,"What is the name of character Iwazarus ex-wife in the action/adventure game Killer7?
",Mizaru,None of the above,Mizaro,Mizari,Mizaru
569,"In the game Killer7, what is the name of Harmans maid?
",Susan,Suzie,Polly,Samantha,Samantha
570,"The only time you can use the save feature in Killer7 is when character Samantha is in what costume?
",Tight black overall,Normal clothing,Evening gown,Maid uniform,Maid uniform
571,"What was Mask De Smith鈥檚 profession before coming apart of the killers鈥 team in Killer7?
",Costume artist,Professional boxer,Bodyguard,Professional wrestler,Professional wrestler
572,"In the action/adventure Killer7, who is the only informant able to contact the Killer7 team?
",Kun Lan,Christopher Mills,Heaven Smile,Travis,Christopher Mills
573,"Besides your Avatar, what other characters can you get at the beginning of the game Baldurs Gate II: Shadows of Amn?
","Imoen, Jahiera, Minsc","Aerie, Jahiera, Jan","Khalid, Jahiera, Minsc","Valygar, Jahiera, Minsc","Imoen, Jahiera, Minsc"
574,"Where can you get the gauntlets of ogre power in the game Baldurs Gate II: Shadows of Amn?
",The Shadow thieves cellar,The Temple ruins,The Planar prison,The Planar Sphere,The Planar Sphere
575,"What ranger can you save in the game Baldurs Gate II: Shadows of Amn by defeating the Shadow lord in the ruin temple?
",Merella,Valygar,Minsc,Drizzt,Merella
576,"What organization takes Imoen from you, after you escape the first level in the game Baldurs Gate II: Shadows of Amn?
",The Athkatla Guard,The Emerald warriors,The Shadow Thieves,The Cowled Wizards,The Cowled Wizards
577,"Who kidnaps Nalia in the game Baldurs Gate II: Shadows of Amn?
",Isaea Roenal,Jon Irenicus,Corieg Axehand,Stumpy Ironfoot,Isaea Roenal
578,"In the 2007 RuneScape Easter special, what item or items do you earn by helping the Easter bunny?
",An egg that you eat that brings you up one level,A chicken suit,A bunny suit,A ring that transforms you into an egg,A chicken suit
579,"What two special benefits do RuneScape members get?
",rainbow boots and fighting boots,special money and no extra lands,special tree logs and special locations,you can kill demons and go to the barbarian village,special tree logs and special locations
580,"In the RuneScape game, it is illegal to use a macroer.
",True,False,,,True
581,"In the RuneScape game, the woodcutting skillcape lets you save a bird from a tree.
",False,True,,,True
582,"On a non-member world in RuneScape, how many places can you travel to on the ship in Port Sarim?
",3,6,1,4,1
583,"What animal is Santa on the 2005 RuneScape Christmas special?
",polar bear,wolf,reindeer,penguin,wolf
584,"What is the name of the dog the main character is trying to save in the Dogs Life video game?
",Butter,Jesse,Daisy,Katie,Daisy
585,"What changes on the dog every time you go to a different Poodle Parlour in the video game Dogs Life?
",his attitude,the markings on his coat,his collar,his leash,his collar
586,"At what location do you first have to run away from the dog catcher in the Dogs Life video game?
",Boom City Park,Lake Minniwahwah Cafe,Village center,Farmhouse,Village center
587,"When you pick up scents in the game Dogs Life, which of the following is not part of a competition with another dog?
",Marking territory,Barking competition,Digging holes,Doing tricks,Barking competition
588,"What are the names of Miss Peaches henchmen in the Dogs Life game?
",Wayne and Dwayne,Bob and Rob,Ryan and Bryan,John and Ron,Wayne and Dwayne
589,"In the Dogs Life video game, what challenge do the purple scents start?
",Obtain more territory than the other dog,Dig holes faster than the other dog,Collect them all before time runs out,Get all the food before the other dog does,Collect them all before time runs out
590,"What improves your speed, stamina, and health in the game Dogs Life?
",bones,washing,people,collars,bones
591,"Which of the following is NOT found at the grooming parlour in the video game Dogs Life?
",scissors,shower head,shaver,a sponge,shaver
592,"How many places can you go to by train in the Dogs Life game?
",3,5,50,7,3
593,"What is the name of the radio show in the game Dogs Life?
",Lake Minniwahah Chat,Miss Peaches Radio Show,"Blues, Smooths, and Clues Live",The Loud Brothers Live,The Loud Brothers Live
594,"What button do you press to dig in Dogs Life (PS2)?
",Cross,Square,Triangle,Circle,Circle
595,"What color is Miss Peaches hair in the video game Dogs Life?
",Orange,Brown,Blonde,Black,Orange
596,"Where is the Lucky 7s Machine located in the game Dogs Life?
",Lake Minniwahwah Slopes,Lake Minniwahwah Hotel,Lake Minniwahwah Mountain Top,Lake Minniwahwah Cafe,Lake Minniwahwah Cafe
597,"In the Dogs Life video game, what is the name of the group of bandits at Boom City?
",The Sleeping Bandits,The Danger Bandits,The Ruthless Bandits,The Masked Bandits,The Sleeping Bandits
598,"What color is the jacket the girl wants you to get from the ski slopes in the video game Dogs Life?
",black,white,yellow,red,yellow
599,"In the Dogs Life video game, what does the girl NOT ask you to bring to make her snowman?
",a scarf,a hat,twigs,coal,a scarf
